Loan_ID,Gender,Married,Dependents,Education,Self_Employed,ApplicantIncome,ApplicantIncome_In_Taka,CoapplicantIncome,CoapplicantIncome_In_Taka,LoanAmount,LoanAmount_In_Taka,Loan_Amount_Term,Credit_History,Property_Area,Loan_Status
LP001002,Male,No,0,Graduate,No,5849,622333.6,0,0,,0,360,1,Urban,Y
LP001003,Male,Yes,1,Graduate,No,4583,487631.2,1508,160451.2,128,13619.2,360,1,Rural,N
LP001005,Male,Yes,0,Graduate,Yes,3000,319200,0,0,66,7022.4,360,1,Urban,Y
LP001006,Male,Yes,0,Not Graduate,No,2583,274831.2,2358,250891.2,120,12768,360,1,Urban,Y
LP001008,Male,No,0,Graduate,No,6000,638400,0,0,141,15002.4,360,1,Urban,Y
LP001011,Male,Yes,2,Graduate,Yes,5417,576368.8,4196,446454.4,267,28408.8,360,1,Urban,Y
LP001013,Male,Yes,0,Not Graduate,No,2333,248231.2,1516,161302.4,95,10108,360,1,Urban,Y
LP001014,Male,Yes,3+,Graduate,No,3036,323030.4,2504,266425.6,158,16811.2,360,0,Semiurban,N
LP001018,Male,Yes,2,Graduate,No,4006,426238.4,1526,162366.4,168,17875.2,360,1,Urban,Y
LP001020,Male,Yes,1,Graduate,No,12841,1366282.4,10968,1166995.2,349,37133.6,360,1,Semiurban,N
LP001024,Male,Yes,2,Graduate,No,3200,340480,700,74480,70,7448,360,1,Urban,Y
LP001027,Male,Yes,2,Graduate,,2500,266000,1840,195776,109,11597.6,360,1,Urban,Y
LP001028,Male,Yes,2,Graduate,No,3073,326967.2,8106,862478.4,200,21280,360,1,Urban,Y
LP001029,Male,No,0,Graduate,No,1853,197159.2,2840,302176,114,12129.6,360,1,Rural,N
LP001030,Male,Yes,2,Graduate,No,1299,138213.6,1086,115550.4,17,1808.8,120,1,Urban,Y
LP001032,Male,No,0,Graduate,No,4950,526680,0,0,125,13300,360,1,Urban,Y
LP001034,Male,No,1,Not Graduate,No,3596,382614.4,0,0,100,10640,240,,Urban,Y
LP001036,Female,No,0,Graduate,No,3510,373464,0,0,76,8086.4,360,0,Urban,N
LP001038,Male,Yes,0,Not Graduate,No,4887,519976.8,0,0,133,14151.2,360,1,Rural,N
LP001041,Male,Yes,0,Graduate,,2600,276640,3500,372400,115,12236,,1,Urban,Y
LP001043,Male,Yes,0,Not Graduate,No,7660,815024,0,0,104,11065.6,360,0,Urban,N
LP001046,Male,Yes,1,Graduate,No,5955,633612,5625,598500,315,33516,360,1,Urban,Y
LP001047,Male,Yes,0,Not Graduate,No,2600,276640,1911,203330.4,116,12342.4,360,0,Semiurban,N
LP001050,,Yes,2,Not Graduate,No,3365,358036,1917,203968.8,112,11916.8,360,0,Rural,N
LP001052,Male,Yes,1,Graduate,,3717,395488.8,2925,311220,151,16066.4,360,,Semiurban,N
LP001066,Male,Yes,0,Graduate,Yes,9560,1017184,0,0,191,20322.4,360,1,Semiurban,Y
LP001068,Male,Yes,0,Graduate,No,2799,297813.6,2253,239719.2,122,12980.8,360,1,Semiurban,Y
LP001073,Male,Yes,2,Not Graduate,No,4226,449646.4,1040,110656,110,11704,360,1,Urban,Y
LP001086,Male,No,0,Not Graduate,No,1442,153428.8,0,0,35,3724,360,1,Urban,N
LP001087,Female,No,2,Graduate,,3750,399000,2083,221631.2,120,12768,360,1,Semiurban,Y
LP001091,Male,Yes,1,Graduate,,4166,443262.4,3369,358461.6,201,21386.4,360,,Urban,N
LP001095,Male,No,0,Graduate,No,3167,336968.8,0,0,74,7873.6,360,1,Urban,N
LP001097,Male,No,1,Graduate,Yes,4692,499228.8,0,0,106,11278.4,360,1,Rural,N
LP001098,Male,Yes,0,Graduate,No,3500,372400,1667,177368.8,114,12129.6,360,1,Semiurban,Y
LP001100,Male,No,3+,Graduate,No,12500,1330000,3000,319200,320,34048,360,1,Rural,N
LP001106,Male,Yes,0,Graduate,No,2275,242060,2067,219928.8,,0,360,1,Urban,Y
LP001109,Male,Yes,0,Graduate,No,1828,194499.2,1330,141512,100,10640,,0,Urban,N
LP001112,Female,Yes,0,Graduate,No,3667,390168.8,1459,155237.6,144,15321.6,360,1,Semiurban,Y
LP001114,Male,No,0,Graduate,No,4166,443262.4,7210,767144,184,19577.6,360,1,Urban,Y
LP001116,Male,No,0,Not Graduate,No,3748,398787.2,1668,177475.2,110,11704,360,1,Semiurban,Y
LP001119,Male,No,0,Graduate,No,3600,383040,0,0,80,8512,360,1,Urban,N
LP001120,Male,No,0,Graduate,No,1800,191520,1213,129063.2,47,5000.8,360,1,Urban,Y
LP001123,Male,Yes,0,Graduate,No,2400,255360,0,0,75,7980,360,,Urban,Y
LP001131,Male,Yes,0,Graduate,No,3941,419322.4,2336,248550.4,134,14257.6,360,1,Semiurban,Y
LP001136,Male,Yes,0,Not Graduate,Yes,4695,499548,0,0,96,10214.4,,1,Urban,Y
LP001137,Female,No,0,Graduate,No,3410,362824,0,0,88,9363.2,,1,Urban,Y
LP001138,Male,Yes,1,Graduate,No,5649,601053.6,0,0,44,4681.6,360,1,Urban,Y
LP001144,Male,Yes,0,Graduate,No,5821,619354.4,0,0,144,15321.6,360,1,Urban,Y
LP001146,Female,Yes,0,Graduate,No,2645,281428,3440,366016,120,12768,360,0,Urban,N
LP001151,Female,No,0,Graduate,No,4000,425600,2275,242060,144,15321.6,360,1,Semiurban,Y
LP001155,Female,Yes,0,Not Graduate,No,1928,205139.2,1644,174921.6,100,10640,360,1,Semiurban,Y
LP001157,Female,No,0,Graduate,No,3086,328350.4,0,0,120,12768,360,1,Semiurban,Y
LP001164,Female,No,0,Graduate,No,4230,450072,0,0,112,11916.8,360,1,Semiurban,N
LP001179,Male,Yes,2,Graduate,No,4616,491142.4,0,0,134,14257.6,360,1,Urban,N
LP001186,Female,Yes,1,Graduate,Yes,11500,1223600,0,0,286,30430.4,360,0,Urban,N
LP001194,Male,Yes,2,Graduate,No,2708,288131.2,1167,124168.8,97,10320.8,360,1,Semiurban,Y
LP001195,Male,Yes,0,Graduate,No,2132,226844.8,1591,169282.4,96,10214.4,360,1,Semiurban,Y
LP001197,Male,Yes,0,Graduate,No,3366,358142.4,2200,234080,135,14364,360,1,Rural,N
LP001198,Male,Yes,1,Graduate,No,8080,859712,2250,239400,180,19152,360,1,Urban,Y
LP001199,Male,Yes,2,Not Graduate,No,3357,357184.8,2859,304197.6,144,15321.6,360,1,Urban,Y
LP001205,Male,Yes,0,Graduate,No,2500,266000,3796,403894.4,120,12768,360,1,Urban,Y
LP001206,Male,Yes,3+,Graduate,No,3029,322285.6,0,0,99,10533.6,360,1,Urban,Y
LP001207,Male,Yes,0,Not Graduate,Yes,2609,277597.6,3449,366973.6,165,17556,180,0,Rural,N
LP001213,Male,Yes,1,Graduate,No,4945,526148,0,0,,0,360,0,Rural,N
LP001222,Female,No,0,Graduate,No,4166,443262.4,0,0,116,12342.4,360,0,Semiurban,N
LP001225,Male,Yes,0,Graduate,No,5726,609246.4,4595,488908,258,27451.2,360,1,Semiurban,N
LP001228,Male,No,0,Not Graduate,No,3200,340480,2254,239825.6,126,13406.4,180,0,Urban,N
LP001233,Male,Yes,1,Graduate,No,10750,1143800,0,0,312,33196.8,360,1,Urban,Y
LP001238,Male,Yes,3+,Not Graduate,Yes,7100,755440,0,0,125,13300,60,1,Urban,Y
LP001241,Female,No,0,Graduate,No,4300,457520,0,0,136,14470.4,360,0,Semiurban,N
LP001243,Male,Yes,0,Graduate,No,3208,341331.2,3066,326222.4,172,18300.8,360,1,Urban,Y
LP001245,Male,Yes,2,Not Graduate,Yes,1875,199500,1875,199500,97,10320.8,360,1,Semiurban,Y
LP001248,Male,No,0,Graduate,No,3500,372400,0,0,81,8618.4,300,1,Semiurban,Y
LP001250,Male,Yes,3+,Not Graduate,No,4755,505932,0,0,95,10108,,0,Semiurban,N
LP001253,Male,Yes,3+,Graduate,Yes,5266,560302.4,1774,188753.6,187,19896.8,360,1,Semiurban,Y
LP001255,Male,No,0,Graduate,No,3750,399000,0,0,113,12023.2,480,1,Urban,N
LP001256,Male,No,0,Graduate,No,3750,399000,4750,505400,176,18726.4,360,1,Urban,N
LP001259,Male,Yes,1,Graduate,Yes,1000,106400,3022,321540.8,110,11704,360,1,Urban,N
LP001263,Male,Yes,3+,Graduate,No,3167,336968.8,4000,425600,180,19152,300,0,Semiurban,N
LP001264,Male,Yes,3+,Not Graduate,Yes,3333,354631.2,2166,230462.4,130,13832,360,,Semiurban,Y
LP001265,Female,No,0,Graduate,No,3846,409214.4,0,0,111,11810.4,360,1,Semiurban,Y
LP001266,Male,Yes,1,Graduate,Yes,2395,254828,0,0,,0,360,1,Semiurban,Y
LP001267,Female,Yes,2,Graduate,No,1378,146619.2,1881,200138.4,167,17768.8,360,1,Urban,N
LP001273,Male,Yes,0,Graduate,No,6000,638400,2250,239400,265,28196,360,,Semiurban,N
LP001275,Male,Yes,1,Graduate,No,3988,424323.2,0,0,50,5320,240,1,Urban,Y
LP001279,Male,No,0,Graduate,No,2366,251742.4,2531,269298.4,136,14470.4,360,1,Semiurban,Y
LP001280,Male,Yes,2,Not Graduate,No,3333,354631.2,2000,212800,99,10533.6,360,,Semiurban,Y
LP001282,Male,Yes,0,Graduate,No,2500,266000,2118,225355.2,104,11065.6,360,1,Semiurban,Y
LP001289,Male,No,0,Graduate,No,8566,911422.4,0,0,210,22344,360,1,Urban,Y
LP001310,Male,Yes,0,Graduate,No,5695,605948,4167,443368.8,175,18620,360,1,Semiurban,Y
LP001316,Male,Yes,0,Graduate,No,2958,314731.2,2900,308560,131,13938.4,360,1,Semiurban,Y
LP001318,Male,Yes,2,Graduate,No,6250,665000,5654,601585.6,188,20003.2,180,1,Semiurban,Y
LP001319,Male,Yes,2,Not Graduate,No,3273,348247.2,1820,193648,81,8618.4,360,1,Urban,Y
LP001322,Male,No,0,Graduate,No,4133,439751.2,0,0,122,12980.8,360,1,Semiurban,Y
LP001325,Male,No,0,Not Graduate,No,3620,385168,0,0,25,2660,120,1,Semiurban,Y
LP001326,Male,No,0,Graduate,,6782,721604.8,0,0,,0,360,,Urban,N
LP001327,Female,Yes,0,Graduate,No,2484,264297.6,2302,244932.8,137,14576.8,360,1,Semiurban,Y
LP001333,Male,Yes,0,Graduate,No,1977,210352.8,997,106080.8,50,5320,360,1,Semiurban,Y
LP001334,Male,Yes,0,Not Graduate,No,4188,445603.2,0,0,115,12236,180,1,Semiurban,Y
LP001343,Male,Yes,0,Graduate,No,1759,187157.6,3541,376762.4,131,13938.4,360,1,Semiurban,Y
LP001345,Male,Yes,2,Not Graduate,No,4288,456243.2,3263,347183.2,133,14151.2,180,1,Urban,Y
LP001349,Male,No,0,Graduate,No,4843,515295.2,3806,404958.4,151,16066.4,360,1,Semiurban,Y
LP001350,Male,Yes,,Graduate,No,13650,1452360,0,0,,0,360,1,Urban,Y
LP001356,Male,Yes,0,Graduate,No,4652,494972.8,3583,381231.2,,0,360,1,Semiurban,Y
LP001357,Male,,,Graduate,No,3816,406022.4,754,80225.6,160,17024,360,1,Urban,Y
LP001367,Male,Yes,1,Graduate,No,3052,324732.8,1030,109592,100,10640,360,1,Urban,Y
LP001369,Male,Yes,2,Graduate,No,11417,1214768.8,1126,119806.4,225,23940,360,1,Urban,Y
LP001370,Male,No,0,Not Graduate,,7333,780231.2,0,0,120,12768,360,1,Rural,N
LP001379,Male,Yes,2,Graduate,No,3800,404320,3600,383040,216,22982.4,360,0,Urban,N
LP001384,Male,Yes,3+,Not Graduate,No,2071,220354.4,754,80225.6,94,10001.6,480,1,Semiurban,Y
LP001385,Male,No,0,Graduate,No,5316,565622.4,0,0,136,14470.4,360,1,Urban,Y
LP001387,Female,Yes,0,Graduate,,2929,311645.6,2333,248231.2,139,14789.6,360,1,Semiurban,Y
LP001391,Male,Yes,0,Not Graduate,No,3572,380060.8,4114,437729.6,152,16172.8,,0,Rural,N
LP001392,Female,No,1,Graduate,Yes,7451,792786.4,0,0,,0,360,1,Semiurban,Y
LP001398,Male,No,0,Graduate,,5050,537320,0,0,118,12555.2,360,1,Semiurban,Y
LP001401,Male,Yes,1,Graduate,No,14583,1551631.2,0,0,185,19684,180,1,Rural,Y
LP001404,Female,Yes,0,Graduate,No,3167,336968.8,2283,242911.2,154,16385.6,360,1,Semiurban,Y
LP001405,Male,Yes,1,Graduate,No,2214,235569.6,1398,148747.2,85,9044,360,,Urban,Y
LP001421,Male,Yes,0,Graduate,No,5568,592435.2,2142,227908.8,175,18620,360,1,Rural,N
LP001422,Female,No,0,Graduate,No,10408,1107411.2,0,0,259,27557.6,360,1,Urban,Y
LP001426,Male,Yes,,Graduate,No,5667,602968.8,2667,283768.8,180,19152,360,1,Rural,Y
LP001430,Female,No,0,Graduate,No,4166,443262.4,0,0,44,4681.6,360,1,Semiurban,Y
LP001431,Female,No,0,Graduate,No,2137,227376.8,8980,955472,137,14576.8,360,0,Semiurban,Y
LP001432,Male,Yes,2,Graduate,No,2957,314624.8,0,0,81,8618.4,360,1,Semiurban,Y
LP001439,Male,Yes,0,Not Graduate,No,4300,457520,2014,214289.6,194,20641.6,360,1,Rural,Y
LP001443,Female,No,0,Graduate,No,3692,392828.8,0,0,93,9895.2,360,,Rural,Y
LP001448,,Yes,3+,Graduate,No,23803,2532639.2,0,0,370,39368,360,1,Rural,Y
LP001449,Male,No,0,Graduate,No,3865,411236,1640,174496,,0,360,1,Rural,Y
LP001451,Male,Yes,1,Graduate,Yes,10513,1118583.2,3850,409640,160,17024,180,0,Urban,N
LP001465,Male,Yes,0,Graduate,No,6080,646912,2569,273341.6,182,19364.8,360,,Rural,N
LP001469,Male,No,0,Graduate,Yes,20166,2145662.4,0,0,650,69160,480,,Urban,Y
LP001473,Male,No,0,Graduate,No,2014,214289.6,1929,205245.6,74,7873.6,360,1,Urban,Y
LP001478,Male,No,0,Graduate,No,2718,289195.2,0,0,70,7448,360,1,Semiurban,Y
LP001482,Male,Yes,0,Graduate,Yes,3459,368037.6,0,0,25,2660,120,1,Semiurban,Y
LP001487,Male,No,0,Graduate,No,4895,520828,0,0,102,10852.8,360,1,Semiurban,Y
LP001488,Male,Yes,3+,Graduate,No,4000,425600,7750,824600,290,30856,360,1,Semiurban,N
LP001489,Female,Yes,0,Graduate,No,4583,487631.2,0,0,84,8937.6,360,1,Rural,N
LP001491,Male,Yes,2,Graduate,Yes,3316,352822.4,3500,372400,88,9363.2,360,1,Urban,Y
LP001492,Male,No,0,Graduate,No,14999,1595893.6,0,0,242,25748.8,360,0,Semiurban,N
LP001493,Male,Yes,2,Not Graduate,No,4200,446880,1430,152152,129,13725.6,360,1,Rural,N
LP001497,Male,Yes,2,Graduate,No,5042,536468.8,2083,221631.2,185,19684,360,1,Rural,N
LP001498,Male,No,0,Graduate,No,5417,576368.8,0,0,168,17875.2,360,1,Urban,Y
LP001504,Male,No,0,Graduate,Yes,6950,739480,0,0,175,18620,180,1,Semiurban,Y
LP001507,Male,Yes,0,Graduate,No,2698,287067.2,2034,216417.6,122,12980.8,360,1,Semiurban,Y
LP001508,Male,Yes,2,Graduate,No,11757,1250944.8,0,0,187,19896.8,180,1,Urban,Y
LP001514,Female,Yes,0,Graduate,No,2330,247912,4486,477310.4,100,10640,360,1,Semiurban,Y
LP001516,Female,Yes,2,Graduate,No,14866,1581742.4,0,0,70,7448,360,1,Urban,Y
LP001518,Male,Yes,1,Graduate,No,1538,163643.2,1425,151620,30,3192,360,1,Urban,Y
LP001519,Female,No,0,Graduate,No,10000,1064000,1666,177262.4,225,23940,360,1,Rural,N
LP001520,Male,Yes,0,Graduate,No,4860,517104,830,88312,125,13300,360,1,Semiurban,Y
LP001528,Male,No,0,Graduate,No,6277,667872.8,0,0,118,12555.2,360,0,Rural,N
LP001529,Male,Yes,0,Graduate,Yes,2577,274192.8,3750,399000,152,16172.8,360,1,Rural,Y
LP001531,Male,No,0,Graduate,No,9166,975262.4,0,0,244,25961.6,360,1,Urban,N
LP001532,Male,Yes,2,Not Graduate,No,2281,242698.4,0,0,113,12023.2,360,1,Rural,N
LP001535,Male,No,0,Graduate,No,3254,346225.6,0,0,50,5320,360,1,Urban,Y
LP001536,Male,Yes,3+,Graduate,No,39999,4255893.6,0,0,600,63840,180,0,Semiurban,Y
LP001541,Male,Yes,1,Graduate,No,6000,638400,0,0,160,17024,360,,Rural,Y
LP001543,Male,Yes,1,Graduate,No,9538,1014843.2,0,0,187,19896.8,360,1,Urban,Y
LP001546,Male,No,0,Graduate,,2980,317072,2083,221631.2,120,12768,360,1,Rural,Y
LP001552,Male,Yes,0,Graduate,No,4583,487631.2,5625,598500,255,27132,360,1,Semiurban,Y
LP001560,Male,Yes,0,Not Graduate,No,1863,198223.2,1041,110762.4,98,10427.2,360,1,Semiurban,Y
LP001562,Male,Yes,0,Graduate,No,7933,844071.2,0,0,275,29260,360,1,Urban,N
LP001565,Male,Yes,1,Graduate,No,3089,328669.6,1280,136192,121,12874.4,360,0,Semiurban,N
LP001570,Male,Yes,2,Graduate,No,4167,443368.8,1447,153960.8,158,16811.2,360,1,Rural,Y
LP001572,Male,Yes,0,Graduate,No,9323,991967.2,0,0,75,7980,180,1,Urban,Y
LP001574,Male,Yes,0,Graduate,No,3707,394424.8,3166,336862.4,182,19364.8,,1,Rural,Y
LP001577,Female,Yes,0,Graduate,No,4583,487631.2,0,0,112,11916.8,360,1,Rural,N
LP001578,Male,Yes,0,Graduate,No,2439,259509.6,3333,354631.2,129,13725.6,360,1,Rural,Y
LP001579,Male,No,0,Graduate,No,2237,238016.8,0,0,63,6703.2,480,0,Semiurban,N
LP001580,Male,Yes,2,Graduate,No,8000,851200,0,0,200,21280,360,1,Semiurban,Y
LP001581,Male,Yes,0,Not Graduate,,1820,193648,1769,188221.6,95,10108,360,1,Rural,Y
LP001585,,Yes,3+,Graduate,No,51763,5507583.2,0,0,700,74480,300,1,Urban,Y
LP001586,Male,Yes,3+,Not Graduate,No,3522,374740.8,0,0,81,8618.4,180,1,Rural,N
LP001594,Male,Yes,0,Graduate,No,5708,607331.2,5625,598500,187,19896.8,360,1,Semiurban,Y
LP001603,Male,Yes,0,Not Graduate,Yes,4344,462201.6,736,78310.4,87,9256.8,360,1,Semiurban,N
LP001606,Male,Yes,0,Graduate,No,3497,372080.8,1964,208969.6,116,12342.4,360,1,Rural,Y
LP001608,Male,Yes,2,Graduate,No,2045,217588,1619,172261.6,101,10746.4,360,1,Rural,Y
LP001610,Male,Yes,3+,Graduate,No,5516,586902.4,11300,1202320,495,52668,360,0,Semiurban,N
LP001616,Male,Yes,1,Graduate,No,3750,399000,0,0,116,12342.4,360,1,Semiurban,Y
LP001630,Male,No,0,Not Graduate,No,2333,248231.2,1451,154386.4,102,10852.8,480,0,Urban,N
LP001633,Male,Yes,1,Graduate,No,6400,680960,7250,771400,180,19152,360,0,Urban,N
LP001634,Male,No,0,Graduate,No,1916,203862.4,5063,538703.2,67,7128.8,360,,Rural,N
LP001636,Male,Yes,0,Graduate,No,4600,489440,0,0,73,7767.2,180,1,Semiurban,Y
LP001637,Male,Yes,1,Graduate,No,33846,3601214.4,0,0,260,27664,360,1,Semiurban,N
LP001639,Female,Yes,0,Graduate,No,3625,385700,0,0,108,11491.2,360,1,Semiurban,Y
LP001640,Male,Yes,0,Graduate,Yes,39147,4165240.8,4750,505400,120,12768,360,1,Semiurban,Y
LP001641,Male,Yes,1,Graduate,Yes,2178,231739.2,0,0,66,7022.4,300,0,Rural,N
LP001643,Male,Yes,0,Graduate,No,2383,253551.2,2138,227483.2,58,6171.2,360,,Rural,Y
LP001644,,Yes,0,Graduate,Yes,674,71713.6,5296,563494.4,168,17875.2,360,1,Rural,Y
LP001647,Male,Yes,0,Graduate,No,9328,992499.2,0,0,188,20003.2,180,1,Rural,Y
LP001653,Male,No,0,Not Graduate,No,4885,519764,0,0,48,5107.2,360,1,Rural,Y
LP001656,Male,No,0,Graduate,No,12000,1276800,0,0,164,17449.6,360,1,Semiurban,N
LP001657,Male,Yes,0,Not Graduate,No,6033,641911.2,0,0,160,17024,360,1,Urban,N
LP001658,Male,No,0,Graduate,No,3858,410491.2,0,0,76,8086.4,360,1,Semiurban,Y
LP001664,Male,No,0,Graduate,No,4191,445922.4,0,0,120,12768,360,1,Rural,Y
LP001665,Male,Yes,1,Graduate,No,3125,332500,2583,274831.2,170,18088,360,1,Semiurban,N
LP001666,Male,No,0,Graduate,No,8333,886631.2,3750,399000,187,19896.8,360,1,Rural,Y
LP001669,Female,No,0,Not Graduate,No,1907,202904.8,2365,251636,120,12768,,1,Urban,Y
LP001671,Female,Yes,0,Graduate,No,3416,363462.4,2816,299622.4,113,12023.2,360,,Semiurban,Y
LP001673,Male,No,0,Graduate,Yes,11000,1170400,0,0,83,8831.2,360,1,Urban,N
LP001674,Male,Yes,1,Not Graduate,No,2600,276640,2500,266000,90,9576,360,1,Semiurban,Y
LP001677,Male,No,2,Graduate,No,4923,523807.2,0,0,166,17662.4,360,0,Semiurban,Y
LP001682,Male,Yes,3+,Not Graduate,No,3992,424748.8,0,0,,0,180,1,Urban,N
LP001688,Male,Yes,1,Not Graduate,No,3500,372400,1083,115231.2,135,14364,360,1,Urban,Y
LP001691,Male,Yes,2,Not Graduate,No,3917,416768.8,0,0,124,13193.6,360,1,Semiurban,Y
LP001692,Female,No,0,Not Graduate,No,4408,469011.2,0,0,120,12768,360,1,Semiurban,Y
LP001693,Female,No,0,Graduate,No,3244,345161.6,0,0,80,8512,360,1,Urban,Y
LP001698,Male,No,0,Not Graduate,No,3975,422940,2531,269298.4,55,5852,360,1,Rural,Y
LP001699,Male,No,0,Graduate,No,2479,263765.6,0,0,59,6277.6,360,1,Urban,Y
LP001702,Male,No,0,Graduate,No,3418,363675.2,0,0,127,13512.8,360,1,Semiurban,N
LP001708,Female,No,0,Graduate,No,10000,1064000,0,0,214,22769.6,360,1,Semiurban,N
LP001711,Male,Yes,3+,Graduate,No,3430,364952,1250,133000,128,13619.2,360,0,Semiurban,N
LP001713,Male,Yes,1,Graduate,Yes,7787,828536.8,0,0,240,25536,360,1,Urban,Y
LP001715,Male,Yes,3+,Not Graduate,Yes,5703,606799.2,0,0,130,13832,360,1,Rural,Y
LP001716,Male,Yes,0,Graduate,No,3173,337607.2,3021,321434.4,137,14576.8,360,1,Urban,Y
LP001720,Male,Yes,3+,Not Graduate,No,3850,409640,983,104591.2,100,10640,360,1,Semiurban,Y
LP001722,Male,Yes,0,Graduate,No,150,15960,1800,191520,135,14364,360,1,Rural,N
LP001726,Male,Yes,0,Graduate,No,3727,396552.8,1775,188860,131,13938.4,360,1,Semiurban,Y
LP001732,Male,Yes,2,Graduate,,5000,532000,0,0,72,7660.8,360,0,Semiurban,N
LP001734,Female,Yes,2,Graduate,No,4283,455711.2,2383,253551.2,127,13512.8,360,,Semiurban,Y
LP001736,Male,Yes,0,Graduate,No,2221,236314.4,0,0,60,6384,360,0,Urban,N
LP001743,Male,Yes,2,Graduate,No,4009,426557.6,1717,182688.8,116,12342.4,360,1,Semiurban,Y
LP001744,Male,No,0,Graduate,No,2971,316114.4,2791,296962.4,144,15321.6,360,1,Semiurban,Y
LP001749,Male,Yes,0,Graduate,No,7578,806299.2,1010,107464,175,18620,,1,Semiurban,Y
LP001750,Male,Yes,0,Graduate,No,6250,665000,0,0,128,13619.2,360,1,Semiurban,Y
LP001751,Male,Yes,0,Graduate,No,3250,345800,0,0,170,18088,360,1,Rural,N
LP001754,Male,Yes,,Not Graduate,Yes,4735,503804,0,0,138,14683.2,360,1,Urban,N
LP001758,Male,Yes,2,Graduate,No,6250,665000,1695,180348,210,22344,360,1,Semiurban,Y
LP001760,Male,,,Graduate,No,4758,506251.2,0,0,158,16811.2,480,1,Semiurban,Y
LP001761,Male,No,0,Graduate,Yes,6400,680960,0,0,200,21280,360,1,Rural,Y
LP001765,Male,Yes,1,Graduate,No,2491,265042.4,2054,218545.6,104,11065.6,360,1,Semiurban,Y
LP001768,Male,Yes,0,Graduate,,3716,395382.4,0,0,42,4468.8,180,1,Rural,Y
LP001770,Male,No,0,Not Graduate,No,3189,339309.6,2598,276427.2,120,12768,,1,Rural,Y
LP001776,Female,No,0,Graduate,No,8333,886631.2,0,0,280,29792,360,1,Semiurban,Y
LP001778,Male,Yes,1,Graduate,No,3155,335692,1779,189285.6,140,14896,360,1,Semiurban,Y
LP001784,Male,Yes,1,Graduate,No,5500,585200,1260,134064,170,18088,360,1,Rural,Y
LP001786,Male,Yes,0,Graduate,,5746,611374.4,0,0,255,27132,360,,Urban,N
LP001788,Female,No,0,Graduate,Yes,3463,368463.2,0,0,122,12980.8,360,,Urban,Y
LP001790,Female,No,1,Graduate,No,3812,405596.8,0,0,112,11916.8,360,1,Rural,Y
LP001792,Male,Yes,1,Graduate,No,3315,352716,0,0,96,10214.4,360,1,Semiurban,Y
LP001798,Male,Yes,2,Graduate,No,5819,619141.6,5000,532000,120,12768,360,1,Rural,Y
LP001800,Male,Yes,1,Not Graduate,No,2510,267064,1983,210991.2,140,14896,180,1,Urban,N
LP001806,Male,No,0,Graduate,No,2965,315476,5701,606586.4,155,16492,60,1,Urban,Y
LP001807,Male,Yes,2,Graduate,Yes,6250,665000,1300,138320,108,11491.2,360,1,Rural,Y
LP001811,Male,Yes,0,Not Graduate,No,3406,362398.4,4417,469968.8,123,13087.2,360,1,Semiurban,Y
LP001813,Male,No,0,Graduate,Yes,6050,643720,4333,461031.2,120,12768,180,1,Urban,N
LP001814,Male,Yes,2,Graduate,No,9703,1032399.2,0,0,112,11916.8,360,1,Urban,Y
LP001819,Male,Yes,1,Not Graduate,No,6608,703091.2,0,0,137,14576.8,180,1,Urban,Y
LP001824,Male,Yes,1,Graduate,No,2882,306644.8,1843,196095.2,123,13087.2,480,1,Semiurban,Y
LP001825,Male,Yes,0,Graduate,No,1809,192477.6,1868,198755.2,90,9576,360,1,Urban,Y
LP001835,Male,Yes,0,Not Graduate,No,1668,177475.2,3890,413896,201,21386.4,360,0,Semiurban,N
LP001836,Female,No,2,Graduate,No,3427,364632.8,0,0,138,14683.2,360,1,Urban,N
LP001841,Male,No,0,Not Graduate,Yes,2583,274831.2,2167,230568.8,104,11065.6,360,1,Rural,Y
LP001843,Male,Yes,1,Not Graduate,No,2661,283130.4,7101,755546.4,279,29685.6,180,1,Semiurban,Y
LP001844,Male,No,0,Graduate,Yes,16250,1729000,0,0,192,20428.8,360,0,Urban,N
LP001846,Female,No,3+,Graduate,No,3083,328031.2,0,0,255,27132,360,1,Rural,Y
LP001849,Male,No,0,Not Graduate,No,6045,643188,0,0,115,12236,360,0,Rural,N
LP001854,Male,Yes,3+,Graduate,No,5250,558600,0,0,94,10001.6,360,1,Urban,N
LP001859,Male,Yes,0,Graduate,No,14683,1562271.2,2100,223440,304,32345.6,360,1,Rural,N
LP001864,Male,Yes,3+,Not Graduate,No,4931,524658.4,0,0,128,13619.2,360,,Semiurban,N
LP001865,Male,Yes,1,Graduate,No,6083,647231.2,4250,452200,330,35112,360,,Urban,Y
LP001868,Male,No,0,Graduate,No,2060,219184,2209,235037.6,134,14257.6,360,1,Semiurban,Y
LP001870,Female,No,1,Graduate,No,3481,370378.4,0,0,155,16492,36,1,Semiurban,N
LP001871,Female,No,0,Graduate,No,7200,766080,0,0,120,12768,360,1,Rural,Y
LP001872,Male,No,0,Graduate,Yes,5166,549662.4,0,0,128,13619.2,360,1,Semiurban,Y
LP001875,Male,No,0,Graduate,No,4095,435708,3447,366760.8,151,16066.4,360,1,Rural,Y
LP001877,Male,Yes,2,Graduate,No,4708,500931.2,1387,147576.8,150,15960,360,1,Semiurban,Y
LP001882,Male,Yes,3+,Graduate,No,4333,461031.2,1811,192690.4,160,17024,360,0,Urban,Y
LP001883,Female,No,0,Graduate,,3418,363675.2,0,0,135,14364,360,1,Rural,N
LP001884,Female,No,1,Graduate,No,2876,306006.4,1560,165984,90,9576,360,1,Urban,Y
LP001888,Female,No,0,Graduate,No,3237,344416.8,0,0,30,3192,360,1,Urban,Y
LP001891,Male,Yes,0,Graduate,No,11146,1185934.4,0,0,136,14470.4,360,1,Urban,Y
LP001892,Male,No,0,Graduate,No,2833,301431.2,1857,197584.8,126,13406.4,360,1,Rural,Y
LP001894,Male,Yes,0,Graduate,No,2620,278768,2223,236527.2,150,15960,360,1,Semiurban,Y
LP001896,Male,Yes,2,Graduate,No,3900,414960,0,0,90,9576,360,1,Semiurban,Y
LP001900,Male,Yes,1,Graduate,No,2750,292600,1842,195988.8,115,12236,360,1,Semiurban,Y
LP001903,Male,Yes,0,Graduate,No,3993,424855.2,3274,348353.6,207,22024.8,360,1,Semiurban,Y
LP001904,Male,Yes,0,Graduate,No,3103,330159.2,1300,138320,80,8512,360,1,Urban,Y
LP001907,Male,Yes,0,Graduate,No,14583,1551631.2,0,0,436,46390.4,360,1,Semiurban,Y
LP001908,Female,Yes,0,Not Graduate,No,4100,436240,0,0,124,13193.6,360,,Rural,Y
LP001910,Male,No,1,Not Graduate,Yes,4053,431239.2,2426,258126.4,158,16811.2,360,0,Urban,N
LP001914,Male,Yes,0,Graduate,No,3927,417832.8,800,85120,112,11916.8,360,1,Semiurban,Y
LP001915,Male,Yes,2,Graduate,No,2301,244826.4,985.7999878,104889.11870192,78,8299.2,180,1,Urban,Y
LP001917,Female,No,0,Graduate,No,1811,192690.4,1666,177262.4,54,5745.6,360,1,Urban,Y
LP001922,Male,Yes,0,Graduate,No,20667,2198968.8,0,0,,0,360,1,Rural,N
LP001924,Male,No,0,Graduate,No,3158,336011.2,3053,324839.2,89,9469.6,360,1,Rural,Y
LP001925,Female,No,0,Graduate,Yes,2600,276640,1717,182688.8,99,10533.6,300,1,Semiurban,N
LP001926,Male,Yes,0,Graduate,No,3704,394105.6,2000,212800,120,12768,360,1,Rural,Y
LP001931,Female,No,0,Graduate,No,4124,438793.6,0,0,115,12236,360,1,Semiurban,Y
LP001935,Male,No,0,Graduate,No,9508,1011651.2,0,0,187,19896.8,360,1,Rural,Y
LP001936,Male,Yes,0,Graduate,No,3075,327180,2416,257062.4,139,14789.6,360,1,Rural,Y
LP001938,Male,Yes,2,Graduate,No,4400,468160,0,0,127,13512.8,360,0,Semiurban,N
LP001940,Male,Yes,2,Graduate,No,3153,335479.2,1560,165984,134,14257.6,360,1,Urban,Y
LP001945,Female,No,,Graduate,No,5417,576368.8,0,0,143,15215.2,480,0,Urban,N
LP001947,Male,Yes,0,Graduate,No,2383,253551.2,3334,354737.6,172,18300.8,360,1,Semiurban,Y
LP001949,Male,Yes,3+,Graduate,,4416,469862.4,1250,133000,110,11704,360,1,Urban,Y
LP001953,Male,Yes,1,Graduate,No,6875,731500,0,0,200,21280,360,1,Semiurban,Y
LP001954,Female,Yes,1,Graduate,No,4666,496462.4,0,0,135,14364,360,1,Urban,Y
LP001955,Female,No,0,Graduate,No,5000,532000,2541,270362.4,151,16066.4,480,1,Rural,N
LP001963,Male,Yes,1,Graduate,No,2014,214289.6,2925,311220,113,12023.2,360,1,Urban,N
LP001964,Male,Yes,0,Not Graduate,No,1800,191520,2934,312177.6,93,9895.2,360,0,Urban,N
LP001972,Male,Yes,,Not Graduate,No,2875,305900,1750,186200,105,11172,360,1,Semiurban,Y
LP001974,Female,No,0,Graduate,No,5000,532000,0,0,132,14044.8,360,1,Rural,Y
LP001977,Male,Yes,1,Graduate,No,1625,172900,1803,191839.2,96,10214.4,360,1,Urban,Y
LP001978,Male,No,0,Graduate,No,4000,425600,2500,266000,140,14896,360,1,Rural,Y
LP001990,Male,No,0,Not Graduate,No,2000,212800,0,0,,0,360,1,Urban,N
LP001993,Female,No,0,Graduate,No,3762,400276.8,1666,177262.4,135,14364,360,1,Rural,Y
LP001994,Female,No,0,Graduate,No,2400,255360,1863,198223.2,104,11065.6,360,0,Urban,N
LP001996,Male,No,0,Graduate,No,20233,2152791.2,0,0,480,51072,360,1,Rural,N
LP001998,Male,Yes,2,Not Graduate,No,7667,815768.8,0,0,185,19684,360,,Rural,Y
LP002002,Female,No,0,Graduate,No,2917,310368.8,0,0,84,8937.6,360,1,Semiurban,Y
LP002004,Male,No,0,Not Graduate,No,2927,311432.8,2405,255892,111,11810.4,360,1,Semiurban,Y
LP002006,Female,No,0,Graduate,No,2507,266744.8,0,0,56,5958.4,360,1,Rural,Y
LP002008,Male,Yes,2,Graduate,Yes,5746,611374.4,0,0,144,15321.6,84,,Rural,Y
LP002024,,Yes,0,Graduate,No,2473,263127.2,1843,196095.2,159,16917.6,360,1,Rural,N
LP002031,Male,Yes,1,Not Graduate,No,3399,361653.6,1640,174496,111,11810.4,180,1,Urban,Y
LP002035,Male,Yes,2,Graduate,No,3717,395488.8,0,0,120,12768,360,1,Semiurban,Y
LP002036,Male,Yes,0,Graduate,No,2058,218971.2,2134,227057.6,88,9363.2,360,,Urban,Y
LP002043,Female,No,1,Graduate,No,3541,376762.4,0,0,112,11916.8,360,,Semiurban,Y
LP002050,Male,Yes,1,Graduate,Yes,10000,1064000,0,0,155,16492,360,1,Rural,N
LP002051,Male,Yes,0,Graduate,No,2400,255360,2167,230568.8,115,12236,360,1,Semiurban,Y
LP002053,Male,Yes,3+,Graduate,No,4342,461988.8,189,20109.6,124,13193.6,360,1,Semiurban,Y
LP002054,Male,Yes,2,Not Graduate,No,3601,383146.4,1590,169176,,0,360,1,Rural,Y
LP002055,Female,No,0,Graduate,No,3166,336862.4,2985,317604,132,14044.8,360,,Rural,Y
LP002065,Male,Yes,3+,Graduate,No,15000,1596000,0,0,300,31920,360,1,Rural,Y
LP002067,Male,Yes,1,Graduate,Yes,8666,922062.4,4983,530191.2,376,40006.4,360,0,Rural,N
LP002068,Male,No,0,Graduate,No,4917,523168.8,0,0,130,13832,360,0,Rural,Y
LP002082,Male,Yes,0,Graduate,Yes,5818,619035.2,2160,229824,184,19577.6,360,1,Semiurban,Y
LP002086,Female,Yes,0,Graduate,No,4333,461031.2,2451,260786.4,110,11704,360,1,Urban,N
LP002087,Female,No,0,Graduate,No,2500,266000,0,0,67,7128.8,360,1,Urban,Y
LP002097,Male,No,1,Graduate,No,4384,466457.6,1793,190775.2,117,12448.8,360,1,Urban,Y
LP002098,Male,No,0,Graduate,No,2935,312284,0,0,98,10427.2,360,1,Semiurban,Y
LP002100,Male,No,,Graduate,No,2833,301431.2,0,0,71,7554.4,360,1,Urban,Y
LP002101,Male,Yes,0,Graduate,,63337,6739056.8,0,0,490,52136,180,1,Urban,Y
LP002103,,Yes,1,Graduate,Yes,9833,1046231.2,1833,195031.2,182,19364.8,180,1,Urban,Y
LP002106,Male,Yes,,Graduate,Yes,5503,585519.2,4490,477736,70,7448,,1,Semiurban,Y
LP002110,Male,Yes,1,Graduate,,5250,558600,688,73203.2,160,17024,360,1,Rural,Y
LP002112,Male,Yes,2,Graduate,Yes,2500,266000,4600,489440,176,18726.4,360,1,Rural,Y
LP002113,Female,No,3+,Not Graduate,No,1830,194712,0,0,,0,360,0,Urban,N
LP002114,Female,No,0,Graduate,No,4160,442624,0,0,71,7554.4,360,1,Semiurban,Y
LP002115,Male,Yes,3+,Not Graduate,No,2647,281640.8,1587,168856.8,173,18407.2,360,1,Rural,N
LP002116,Female,No,0,Graduate,No,2378,253019.2,0,0,46,4894.4,360,1,Rural,N
LP002119,Male,Yes,1,Not Graduate,No,4554,484545.6,1229,130765.6,158,16811.2,360,1,Urban,Y
LP002126,Male,Yes,3+,Not Graduate,No,3173,337607.2,0,0,74,7873.6,360,1,Semiurban,Y
LP002128,Male,Yes,2,Graduate,,2583,274831.2,2330,247912,125,13300,360,1,Rural,Y
LP002129,Male,Yes,0,Graduate,No,2499,265893.6,2458,261531.2,160,17024,360,1,Semiurban,Y
LP002130,Male,Yes,,Not Graduate,No,3523,374847.2,3230,343672,152,16172.8,360,0,Rural,N
LP002131,Male,Yes,2,Not Graduate,No,3083,328031.2,2168,230675.2,126,13406.4,360,1,Urban,Y
LP002137,Male,Yes,0,Graduate,No,6333,673831.2,4583,487631.2,259,27557.6,360,,Semiurban,Y
LP002138,Male,Yes,0,Graduate,No,2625,279300,6250,665000,187,19896.8,360,1,Rural,Y
LP002139,Male,Yes,0,Graduate,No,9083,966431.2,0,0,228,24259.2,360,1,Semiurban,Y
LP002140,Male,No,0,Graduate,No,8750,931000,4167,443368.8,308,32771.2,360,1,Rural,N
LP002141,Male,Yes,3+,Graduate,No,2666,283662.4,2083,221631.2,95,10108,360,1,Rural,Y
LP002142,Female,Yes,0,Graduate,Yes,5500,585200,0,0,105,11172,360,0,Rural,N
LP002143,Female,Yes,0,Graduate,No,2423,257807.2,505,53732,130,13832,360,1,Semiurban,Y
LP002144,Female,No,,Graduate,No,3813,405703.2,0,0,116,12342.4,180,1,Urban,Y
LP002149,Male,Yes,2,Graduate,No,8333,886631.2,3167,336968.8,165,17556,360,1,Rural,Y
LP002151,Male,Yes,1,Graduate,No,3875,412300,0,0,67,7128.8,360,1,Urban,N
LP002158,Male,Yes,0,Not Graduate,No,3000,319200,1666,177262.4,100,10640,480,0,Urban,N
LP002160,Male,Yes,3+,Graduate,No,5167,549768.8,3167,336968.8,200,21280,360,1,Semiurban,Y
LP002161,Female,No,1,Graduate,No,4723,502527.2,0,0,81,8618.4,360,1,Semiurban,N
LP002170,Male,Yes,2,Graduate,No,5000,532000,3667,390168.8,236,25110.4,360,1,Semiurban,Y
LP002175,Male,Yes,0,Graduate,No,4750,505400,2333,248231.2,130,13832,360,1,Urban,Y
LP002178,Male,Yes,0,Graduate,No,3013,320583.2,3033,322711.2,95,10108,300,,Urban,Y
LP002180,Male,No,0,Graduate,Yes,6822,725860.8,0,0,141,15002.4,360,1,Rural,Y
LP002181,Male,No,0,Not Graduate,No,6216,661382.4,0,0,133,14151.2,360,1,Rural,N
LP002187,Male,No,0,Graduate,No,2500,266000,0,0,96,10214.4,480,1,Semiurban,N
LP002188,Male,No,0,Graduate,No,5124,545193.6,0,0,124,13193.6,,0,Rural,N
LP002190,Male,Yes,1,Graduate,No,6325,672980,0,0,175,18620,360,1,Semiurban,Y
LP002191,Male,Yes,0,Graduate,No,19730,2099272,5266,560302.4,570,60648,360,1,Rural,N
LP002194,Female,No,0,Graduate,Yes,15759,1676757.6,0,0,55,5852,360,1,Semiurban,Y
LP002197,Male,Yes,2,Graduate,No,5185,551684,0,0,155,16492,360,1,Semiurban,Y
LP002201,Male,Yes,2,Graduate,Yes,9323,991967.2,7873,837687.2,380,40432,300,1,Rural,Y
LP002205,Male,No,1,Graduate,No,3062,325796.8,1987,211416.8,111,11810.4,180,0,Urban,N
LP002209,Female,No,0,Graduate,,2764,294089.6,1459,155237.6,110,11704,360,1,Urban,Y
LP002211,Male,Yes,0,Graduate,No,4817,512528.8,923,98207.2,120,12768,180,1,Urban,Y
LP002219,Male,Yes,3+,Graduate,No,8750,931000,4996,531574.4,130,13832,360,1,Rural,Y
LP002223,Male,Yes,0,Graduate,No,4310,458584,0,0,130,13832,360,,Semiurban,Y
LP002224,Male,No,0,Graduate,No,3069,326541.6,0,0,71,7554.4,480,1,Urban,N
LP002225,Male,Yes,2,Graduate,No,5391,573602.4,0,0,130,13832,360,1,Urban,Y
LP002226,Male,Yes,0,Graduate,,3333,354631.2,2500,266000,128,13619.2,360,1,Semiurban,Y
LP002229,Male,No,0,Graduate,No,5941,632122.4,4232,450284.8,296,31494.4,360,1,Semiurban,Y
LP002231,Female,No,0,Graduate,No,6000,638400,0,0,156,16598.4,360,1,Urban,Y
LP002234,Male,No,0,Graduate,Yes,7167,762568.8,0,0,128,13619.2,360,1,Urban,Y
LP002236,Male,Yes,2,Graduate,No,4566,485822.4,0,0,100,10640,360,1,Urban,N
LP002237,Male,No,1,Graduate,,3667,390168.8,0,0,113,12023.2,180,1,Urban,Y
LP002239,Male,No,0,Not Graduate,No,2346,249614.4,1600,170240,132,14044.8,360,1,Semiurban,Y
LP002243,Male,Yes,0,Not Graduate,No,3010,320264,3136,333670.4,,0,360,0,Urban,N
LP002244,Male,Yes,0,Graduate,No,2333,248231.2,2417,257168.8,136,14470.4,360,1,Urban,Y
LP002250,Male,Yes,0,Graduate,No,5488,583923.2,0,0,125,13300,360,1,Rural,Y
LP002255,Male,No,3+,Graduate,No,9167,975368.8,0,0,185,19684,360,1,Rural,Y
LP002262,Male,Yes,3+,Graduate,No,9504,1011225.6,0,0,275,29260,360,1,Rural,Y
LP002263,Male,Yes,0,Graduate,No,2583,274831.2,2115,225036,120,12768,360,,Urban,Y
LP002265,Male,Yes,2,Not Graduate,No,1993,212055.2,1625,172900,113,12023.2,180,1,Semiurban,Y
LP002266,Male,Yes,2,Graduate,No,3100,329840,1400,148960,113,12023.2,360,1,Urban,Y
LP002272,Male,Yes,2,Graduate,No,3276,348566.4,484,51497.6,135,14364,360,,Semiurban,Y
LP002277,Female,No,0,Graduate,No,3180,338352,0,0,71,7554.4,360,0,Urban,N
LP002281,Male,Yes,0,Graduate,No,3033,322711.2,1459,155237.6,95,10108,360,1,Urban,Y
LP002284,Male,No,0,Not Graduate,No,3902,415172.8,1666,177262.4,109,11597.6,360,1,Rural,Y
LP002287,Female,No,0,Graduate,No,1500,159600,1800,191520,103,10959.2,360,0,Semiurban,N
LP002288,Male,Yes,2,Not Graduate,No,2889,307389.6,0,0,45,4788,180,0,Urban,N
LP002296,Male,No,0,Not Graduate,No,2755,293132,0,0,65,6916,300,1,Rural,N
LP002297,Male,No,0,Graduate,No,2500,266000,20000,2128000,103,10959.2,360,1,Semiurban,Y
LP002300,Female,No,0,Not Graduate,No,1963,208863.2,0,0,53,5639.2,360,1,Semiurban,Y
LP002301,Female,No,0,Graduate,Yes,7441,791722.4,0,0,194,20641.6,360,1,Rural,N
LP002305,Female,No,0,Graduate,No,4547,483800.8,0,0,115,12236,360,1,Semiurban,Y
LP002308,Male,Yes,0,Not Graduate,No,2167,230568.8,2400,255360,115,12236,360,1,Urban,Y
LP002314,Female,No,0,Not Graduate,No,2213,235463.2,0,0,66,7022.4,360,1,Rural,Y
LP002315,Male,Yes,1,Graduate,No,8300,883120,0,0,152,16172.8,300,0,Semiurban,N
LP002317,Male,Yes,3+,Graduate,No,81000,8618400,0,0,360,38304,360,0,Rural,N
LP002318,Female,No,1,Not Graduate,Yes,3867,411448.8,0,0,62,6596.8,360,1,Semiurban,N
LP002319,Male,Yes,0,Graduate,,6256,665638.4,0,0,160,17024,360,,Urban,Y
LP002328,Male,Yes,0,Not Graduate,No,6096,648614.4,0,0,218,23195.2,360,0,Rural,N
LP002332,Male,Yes,0,Not Graduate,No,2253,239719.2,2033,216311.2,110,11704,360,1,Rural,Y
LP002335,Female,Yes,0,Not Graduate,No,2149,228653.6,3237,344416.8,178,18939.2,360,0,Semiurban,N
LP002337,Female,No,0,Graduate,No,2995,318668,0,0,60,6384,360,1,Urban,Y
LP002341,Female,No,1,Graduate,No,2600,276640,0,0,160,17024,360,1,Urban,N
LP002342,Male,Yes,2,Graduate,Yes,1600,170240,20000,2128000,239,25429.6,360,1,Urban,N
LP002345,Male,Yes,0,Graduate,No,1025,109060,2773,295047.2,112,11916.8,360,1,Rural,Y
LP002347,Male,Yes,0,Graduate,No,3246,345374.4,1417,150768.8,138,14683.2,360,1,Semiurban,Y
LP002348,Male,Yes,0,Graduate,No,5829,620205.6,0,0,138,14683.2,360,1,Rural,Y
LP002357,Female,No,0,Not Graduate,No,2720,289408,0,0,80,8512,,0,Urban,N
LP002361,Male,Yes,0,Graduate,No,1820,193648,1719,182901.6,100,10640,360,1,Urban,Y
LP002362,Male,Yes,1,Graduate,No,7250,771400,1667,177368.8,110,11704,,0,Urban,N
LP002364,Male,Yes,0,Graduate,No,14880,1583232,0,0,96,10214.4,360,1,Semiurban,Y
LP002366,Male,Yes,0,Graduate,No,2666,283662.4,4300,457520,121,12874.4,360,1,Rural,Y
LP002367,Female,No,1,Not Graduate,No,4606,490078.4,0,0,81,8618.4,360,1,Rural,N
LP002368,Male,Yes,2,Graduate,No,5935,631484,0,0,133,14151.2,360,1,Semiurban,Y
LP002369,Male,Yes,0,Graduate,No,2920,310688,16.12000084,1715.168089376,87,9256.8,360,1,Rural,Y
LP002370,Male,No,0,Not Graduate,No,2717,289088.8,0,0,60,6384,180,1,Urban,Y
LP002377,Female,No,1,Graduate,Yes,8624,917593.6,0,0,150,15960,360,1,Semiurban,Y
LP002379,Male,No,0,Graduate,No,6500,691600,0,0,105,11172,360,0,Rural,N
LP002386,Male,No,0,Graduate,,12876,1370006.4,0,0,405,43092,360,1,Semiurban,Y
LP002387,Male,Yes,0,Graduate,No,2425,258020,2340,248976,143,15215.2,360,1,Semiurban,Y
LP002390,Male,No,0,Graduate,No,3750,399000,0,0,100,10640,360,1,Urban,Y
LP002393,Female,,,Graduate,No,10047,1069000.8,0,0,,0,240,1,Semiurban,Y
LP002398,Male,No,0,Graduate,No,1926,204926.4,1851,196946.4,50,5320,360,1,Semiurban,Y
LP002401,Male,Yes,0,Graduate,No,2213,235463.2,1125,119700,,0,360,1,Urban,Y
LP002403,Male,No,0,Graduate,Yes,10416,1108262.4,0,0,187,19896.8,360,0,Urban,N
LP002407,Female,Yes,0,Not Graduate,Yes,7142,759908.8,0,0,138,14683.2,360,1,Rural,Y
LP002408,Male,No,0,Graduate,No,3660,389424,5064,538809.6,187,19896.8,360,1,Semiurban,Y
LP002409,Male,Yes,0,Graduate,No,7901,840666.4,1833,195031.2,180,19152,360,1,Rural,Y
LP002418,Male,No,3+,Not Graduate,No,4707,500824.8,1993,212055.2,148,15747.2,360,1,Semiurban,Y
LP002422,Male,No,1,Graduate,No,37719,4013301.6,0,0,152,16172.8,360,1,Semiurban,Y
LP002424,Male,Yes,0,Graduate,No,7333,780231.2,8333,886631.2,175,18620,300,,Rural,Y
LP002429,Male,Yes,1,Graduate,Yes,3466,368782.4,1210,128744,130,13832,360,1,Rural,Y
LP002434,Male,Yes,2,Not Graduate,No,4652,494972.8,0,0,110,11704,360,1,Rural,Y
LP002435,Male,Yes,0,Graduate,,3539,376549.6,1376,146406.4,55,5852,360,1,Rural,N
LP002443,Male,Yes,2,Graduate,No,3340,355376,1710,181944,150,15960,360,0,Rural,N
LP002444,Male,No,1,Not Graduate,Yes,2769,294621.6,1542,164068.8,190,20216,360,,Semiurban,N
LP002446,Male,Yes,2,Not Graduate,No,2309,245677.6,1255,133532,125,13300,360,0,Rural,N
LP002447,Male,Yes,2,Not Graduate,No,1958,208331.2,1456,154918.4,60,6384,300,,Urban,Y
LP002448,Male,Yes,0,Graduate,No,3948,420067.2,1733,184391.2,149,15853.6,360,0,Rural,N
LP002449,Male,Yes,0,Graduate,No,2483,264191.2,2466,262382.4,90,9576,180,0,Rural,Y
LP002453,Male,No,0,Graduate,Yes,7085,753844,0,0,84,8937.6,360,1,Semiurban,Y
LP002455,Male,Yes,2,Graduate,No,3859,410597.6,0,0,96,10214.4,360,1,Semiurban,Y
LP002459,Male,Yes,0,Graduate,No,4301,457626.4,0,0,118,12555.2,360,1,Urban,Y
LP002467,Male,Yes,0,Graduate,No,3708,394531.2,2569,273341.6,173,18407.2,360,1,Urban,N
LP002472,Male,No,2,Graduate,No,4354,463265.6,0,0,136,14470.4,360,1,Rural,Y
LP002473,Male,Yes,0,Graduate,No,8334,886737.6,0,0,160,17024,360,1,Semiurban,N
LP002478,,Yes,0,Graduate,Yes,2083,221631.2,4083,434431.2,160,17024,360,,Semiurban,Y
LP002484,Male,Yes,3+,Graduate,No,7740,823536,0,0,128,13619.2,180,1,Urban,Y
LP002487,Male,Yes,0,Graduate,No,3015,320796,2188,232803.2,153,16279.2,360,1,Rural,Y
LP002489,Female,No,1,Not Graduate,,5191,552322.4,0,0,132,14044.8,360,1,Semiurban,Y
LP002493,Male,No,0,Graduate,No,4166,443262.4,0,0,98,10427.2,360,0,Semiurban,N
LP002494,Male,No,0,Graduate,No,6000,638400,0,0,140,14896,360,1,Rural,Y
LP002500,Male,Yes,3+,Not Graduate,No,2947,313560.8,1664,177049.6,70,7448,180,0,Urban,N
LP002501,,Yes,0,Graduate,No,16692,1776028.8,0,0,110,11704,360,1,Semiurban,Y
LP002502,Female,Yes,2,Not Graduate,,210,22344,2917,310368.8,98,10427.2,360,1,Semiurban,Y
LP002505,Male,Yes,0,Graduate,No,4333,461031.2,2451,260786.4,110,11704,360,1,Urban,N
LP002515,Male,Yes,1,Graduate,Yes,3450,367080,2079,221205.6,162,17236.8,360,1,Semiurban,Y
LP002517,Male,Yes,1,Not Graduate,No,2653,282279.2,1500,159600,113,12023.2,180,0,Rural,N
LP002519,Male,Yes,3+,Graduate,No,4691,499122.4,0,0,100,10640,360,1,Semiurban,Y
LP002522,Female,No,0,Graduate,Yes,2500,266000,0,0,93,9895.2,360,,Urban,Y
LP002524,Male,No,2,Graduate,No,5532,588604.8,4648,494547.2,162,17236.8,360,1,Rural,Y
LP002527,Male,Yes,2,Graduate,Yes,16525,1758260,1014,107889.6,150,15960,360,1,Rural,Y
LP002529,Male,Yes,2,Graduate,No,6700,712880,1750,186200,230,24472,300,1,Semiurban,Y
LP002530,,Yes,2,Graduate,No,2873,305687.2,1872,199180.8,132,14044.8,360,0,Semiurban,N
LP002531,Male,Yes,1,Graduate,Yes,16667,1773368.8,2250,239400,86,9150.4,360,1,Semiurban,Y
LP002533,Male,Yes,2,Graduate,No,2947,313560.8,1603,170559.2,,0,360,1,Urban,N
LP002534,Female,No,0,Not Graduate,No,4350,462840,0,0,154,16385.6,360,1,Rural,Y
LP002536,Male,Yes,3+,Not Graduate,No,3095,329308,0,0,113,12023.2,360,1,Rural,Y
LP002537,Male,Yes,0,Graduate,No,2083,221631.2,3150,335160,128,13619.2,360,1,Semiurban,Y
LP002541,Male,Yes,0,Graduate,No,10833,1152631.2,0,0,234,24897.6,360,1,Semiurban,Y
LP002543,Male,Yes,2,Graduate,No,8333,886631.2,0,0,246,26174.4,360,1,Semiurban,Y
LP002544,Male,Yes,1,Not Graduate,No,1958,208331.2,2436,259190.4,131,13938.4,360,1,Rural,Y
LP002545,Male,No,2,Graduate,No,3547,377400.8,0,0,80,8512,360,0,Rural,N
LP002547,Male,Yes,1,Graduate,No,18333,1950631.2,0,0,500,53200,360,1,Urban,N
LP002555,Male,Yes,2,Graduate,Yes,4583,487631.2,2083,221631.2,160,17024,360,1,Semiurban,Y
LP002556,Male,No,0,Graduate,No,2435,259084,0,0,75,7980,360,1,Urban,N
LP002560,Male,No,0,Not Graduate,No,2699,287173.6,2785,296324,96,10214.4,360,,Semiurban,Y
LP002562,Male,Yes,1,Not Graduate,No,5333,567431.2,1131,120338.4,186,19790.4,360,,Urban,Y
LP002571,Male,No,0,Not Graduate,No,3691,392722.4,0,0,110,11704,360,1,Rural,Y
LP002582,Female,No,0,Not Graduate,Yes,17263,1836783.2,0,0,225,23940,360,1,Semiurban,Y
LP002585,Male,Yes,0,Graduate,No,3597,382720.8,2157,229504.8,119,12661.6,360,0,Rural,N
LP002586,Female,Yes,1,Graduate,No,3326,353886.4,913,97143.2,105,11172,84,1,Semiurban,Y
LP002587,Male,Yes,0,Not Graduate,No,2600,276640,1700,180880,107,11384.8,360,1,Rural,Y
LP002588,Male,Yes,0,Graduate,No,4625,492100,2857,303984.8,111,11810.4,12,,Urban,Y
LP002600,Male,Yes,1,Graduate,Yes,2895,308028,0,0,95,10108,360,1,Semiurban,Y
LP002602,Male,No,0,Graduate,No,6283,668511.2,4416,469862.4,209,22237.6,360,0,Rural,N
LP002603,Female,No,0,Graduate,No,645,68628,3683,391871.2,113,12023.2,480,1,Rural,Y
LP002606,Female,No,0,Graduate,No,3159,336117.6,0,0,100,10640,360,1,Semiurban,Y
LP002615,Male,Yes,2,Graduate,No,4865,517636,5624,598393.6,208,22131.2,360,1,Semiurban,Y
LP002618,Male,Yes,1,Not Graduate,No,4050,430920,5302,564132.8,138,14683.2,360,,Rural,N
LP002619,Male,Yes,0,Not Graduate,No,3814,405809.6,1483,157791.2,124,13193.6,300,1,Semiurban,Y
LP002622,Male,Yes,2,Graduate,No,3510,373464,4416,469862.4,243,25855.2,360,1,Rural,Y
LP002624,Male,Yes,0,Graduate,No,20833,2216631.2,6667,709368.8,480,51072,360,,Urban,Y
LP002625,,No,0,Graduate,No,3583,381231.2,0,0,96,10214.4,360,1,Urban,N
LP002626,Male,Yes,0,Graduate,Yes,2479,263765.6,3013,320583.2,188,20003.2,360,1,Urban,Y
LP002634,Female,No,1,Graduate,No,13262,1411076.8,0,0,40,4256,360,1,Urban,Y
LP002637,Male,No,0,Not Graduate,No,3598,382827.2,1287,136936.8,100,10640,360,1,Rural,N
LP002640,Male,Yes,1,Graduate,No,6065,645316,2004,213225.6,250,26600,360,1,Semiurban,Y
LP002643,Male,Yes,2,Graduate,No,3283,349311.2,2035,216524,148,15747.2,360,1,Urban,Y
LP002648,Male,Yes,0,Graduate,No,2130,226632,6666,709262.4,70,7448,180,1,Semiurban,N
LP002652,Male,No,0,Graduate,No,5815,618716,3666,390062.4,311,33090.4,360,1,Rural,N
LP002659,Male,Yes,3+,Graduate,No,3466,368782.4,3428,364739.2,150,15960,360,1,Rural,Y
LP002670,Female,Yes,2,Graduate,No,2031,216098.4,1632,173644.8,113,12023.2,480,1,Semiurban,Y
LP002682,Male,Yes,,Not Graduate,No,3074,327073.6,1800,191520,123,13087.2,360,0,Semiurban,N
LP002683,Male,No,0,Graduate,No,4683,498271.2,1915,203756,185,19684,360,1,Semiurban,N
LP002684,Female,No,0,Not Graduate,No,3400,361760,0,0,95,10108,360,1,Rural,N
LP002689,Male,Yes,2,Not Graduate,No,2192,233228.8,1742,185348.8,45,4788,360,1,Semiurban,Y
LP002690,Male,No,0,Graduate,No,2500,266000,0,0,55,5852,360,1,Semiurban,Y
LP002692,Male,Yes,3+,Graduate,Yes,5677,604032.8,1424,151513.6,100,10640,360,1,Rural,Y
LP002693,Male,Yes,2,Graduate,Yes,7948,845667.2,7166,762462.4,480,51072,360,1,Rural,Y
LP002697,Male,No,0,Graduate,No,4680,497952,2087,222056.8,,0,360,1,Semiurban,N
LP002699,Male,Yes,2,Graduate,Yes,17500,1862000,0,0,400,42560,360,1,Rural,Y
LP002705,Male,Yes,0,Graduate,No,3775,401660,0,0,110,11704,360,1,Semiurban,Y
LP002706,Male,Yes,1,Not Graduate,No,5285,562324,1430,152152,161,17130.4,360,0,Semiurban,Y
LP002714,Male,No,1,Not Graduate,No,2679,285045.6,1302,138532.8,94,10001.6,360,1,Semiurban,Y
LP002716,Male,No,0,Not Graduate,No,6783,721711.2,0,0,130,13832,360,1,Semiurban,Y
LP002717,Male,Yes,0,Graduate,No,1025,109060,5500,585200,216,22982.4,360,,Rural,Y
LP002720,Male,Yes,3+,Graduate,No,4281,455498.4,0,0,100,10640,360,1,Urban,Y
LP002723,Male,No,2,Graduate,No,3588,381763.2,0,0,110,11704,360,0,Rural,N
LP002729,Male,No,1,Graduate,No,11250,1197000,0,0,196,20854.4,360,,Semiurban,N
LP002731,Female,No,0,Not Graduate,Yes,18165,1932756,0,0,125,13300,360,1,Urban,Y
LP002732,Male,No,0,Not Graduate,,2550,271320,2042,217268.8,126,13406.4,360,1,Rural,Y
LP002734,Male,Yes,0,Graduate,No,6133,652551.2,3906,415598.4,324,34473.6,360,1,Urban,Y
LP002738,Male,No,2,Graduate,No,3617,384848.8,0,0,107,11384.8,360,1,Semiurban,Y
LP002739,Male,Yes,0,Not Graduate,No,2917,310368.8,536,57030.4,66,7022.4,360,1,Rural,N
LP002740,Male,Yes,3+,Graduate,No,6417,682768.8,0,0,157,16704.8,180,1,Rural,Y
LP002741,Female,Yes,1,Graduate,No,4608,490291.2,2845,302708,140,14896,180,1,Semiurban,Y
LP002743,Female,No,0,Graduate,No,2138,227483.2,0,0,99,10533.6,360,0,Semiurban,N
LP002753,Female,No,1,Graduate,,3652,388572.8,0,0,95,10108,360,1,Semiurban,Y
LP002755,Male,Yes,1,Not Graduate,No,2239,238229.6,2524,268553.6,128,13619.2,360,1,Urban,Y
LP002757,Female,Yes,0,Not Graduate,No,3017,321008.8,663,70543.2,102,10852.8,360,,Semiurban,Y
LP002767,Male,Yes,0,Graduate,No,2768,294515.2,1950,207480,155,16492,360,1,Rural,Y
LP002768,Male,No,0,Not Graduate,No,3358,357291.2,0,0,80,8512,36,1,Semiurban,N
LP002772,Male,No,0,Graduate,No,2526,268766.4,1783,189711.2,145,15428,360,1,Rural,Y
LP002776,Female,No,0,Graduate,No,5000,532000,0,0,103,10959.2,360,0,Semiurban,N
LP002777,Male,Yes,0,Graduate,No,2785,296324,2016,214502.4,110,11704,360,1,Rural,Y
LP002778,Male,Yes,2,Graduate,Yes,6633,705751.2,0,0,,0,360,0,Rural,N
LP002784,Male,Yes,1,Not Graduate,No,2492,265148.8,2375,252700,,0,360,1,Rural,Y
LP002785,Male,Yes,1,Graduate,No,3333,354631.2,3250,345800,158,16811.2,360,1,Urban,Y
LP002788,Male,Yes,0,Not Graduate,No,2454,261105.6,2333,248231.2,181,19258.4,360,0,Urban,N
LP002789,Male,Yes,0,Graduate,No,3593,382295.2,4266,453902.4,132,14044.8,180,0,Rural,N
LP002792,Male,Yes,1,Graduate,No,5468,581795.2,1032,109804.8,26,2766.4,360,1,Semiurban,Y
LP002794,Female,No,0,Graduate,No,2667,283768.8,1625,172900,84,8937.6,360,,Urban,Y
LP002795,Male,Yes,3+,Graduate,Yes,10139,1078789.6,0,0,260,27664,360,1,Semiurban,Y
LP002798,Male,Yes,0,Graduate,No,3887,413576.8,2669,283981.6,162,17236.8,360,1,Semiurban,Y
LP002804,Female,Yes,0,Graduate,No,4180,444752,2306,245358.4,182,19364.8,360,1,Semiurban,Y
LP002807,Male,Yes,2,Not Graduate,No,3675,391020,242,25748.8,108,11491.2,360,1,Semiurban,Y
LP002813,Female,Yes,1,Graduate,Yes,19484,2073097.6,0,0,600,63840,360,1,Semiurban,Y
LP002820,Male,Yes,0,Graduate,No,5923,630207.2,2054,218545.6,211,22450.4,360,1,Rural,Y
LP002821,Male,No,0,Not Graduate,Yes,5800,617120,0,0,132,14044.8,360,1,Semiurban,Y
LP002832,Male,Yes,2,Graduate,No,8799,936213.6,0,0,258,27451.2,360,0,Urban,N
LP002833,Male,Yes,0,Not Graduate,No,4467,475288.8,0,0,120,12768,360,,Rural,Y
LP002836,Male,No,0,Graduate,No,3333,354631.2,0,0,70,7448,360,1,Urban,Y
LP002837,Male,Yes,3+,Graduate,No,3400,361760,2500,266000,123,13087.2,360,0,Rural,N
LP002840,Female,No,0,Graduate,No,2378,253019.2,0,0,9,957.6,360,1,Urban,N
LP002841,Male,Yes,0,Graduate,No,3166,336862.4,2064,219609.6,104,11065.6,360,0,Urban,N
LP002842,Male,Yes,1,Graduate,No,3417,363568.8,1750,186200,186,19790.4,360,1,Urban,Y
LP002847,Male,Yes,,Graduate,No,5116,544342.4,1451,154386.4,165,17556,360,0,Urban,N
LP002855,Male,Yes,2,Graduate,No,16666,1773262.4,0,0,275,29260,360,1,Urban,Y
LP002862,Male,Yes,2,Not Graduate,No,6125,651700,1625,172900,187,19896.8,480,1,Semiurban,N
LP002863,Male,Yes,3+,Graduate,No,6406,681598.4,0,0,150,15960,360,1,Semiurban,N
LP002868,Male,Yes,2,Graduate,No,3159,336117.6,461,49050.4,108,11491.2,84,1,Urban,Y
LP002872,,Yes,0,Graduate,No,3087,328456.8,2210,235144,136,14470.4,360,0,Semiurban,N
LP002874,Male,No,0,Graduate,No,3229,343565.6,2739,291429.6,110,11704,360,1,Urban,Y
LP002877,Male,Yes,1,Graduate,No,1782,189604.8,2232,237484.8,107,11384.8,360,1,Rural,Y
LP002888,Male,No,0,Graduate,,3182,338564.8,2917,310368.8,161,17130.4,360,1,Urban,Y
LP002892,Male,Yes,2,Graduate,No,6540,695856,0,0,205,21812,360,1,Semiurban,Y
LP002893,Male,No,0,Graduate,No,1836,195350.4,33837,3600256.8,90,9576,360,1,Urban,N
LP002894,Female,Yes,0,Graduate,No,3166,336862.4,0,0,36,3830.4,360,1,Semiurban,Y
LP002898,Male,Yes,1,Graduate,No,1880,200032,0,0,61,6490.4,360,,Rural,N
LP002911,Male,Yes,1,Graduate,No,2787,296536.8,1917,203968.8,146,15534.4,360,0,Rural,N
LP002912,Male,Yes,1,Graduate,No,4283,455711.2,3000,319200,172,18300.8,84,1,Rural,N
LP002916,Male,Yes,0,Graduate,No,2297,244400.8,1522,161940.8,104,11065.6,360,1,Urban,Y
LP002917,Female,No,0,Not Graduate,No,2165,230356,0,0,70,7448,360,1,Semiurban,Y
LP002925,,No,0,Graduate,No,4750,505400,0,0,94,10001.6,360,1,Semiurban,Y
LP002926,Male,Yes,2,Graduate,Yes,2726,290046.4,0,0,106,11278.4,360,0,Semiurban,N
LP002928,Male,Yes,0,Graduate,No,3000,319200,3416,363462.4,56,5958.4,180,1,Semiurban,Y
LP002931,Male,Yes,2,Graduate,Yes,6000,638400,0,0,205,21812,240,1,Semiurban,N
LP002933,,No,3+,Graduate,Yes,9357,995584.8,0,0,292,31068.8,360,1,Semiurban,Y
LP002936,Male,Yes,0,Graduate,No,3859,410597.6,3300,351120,142,15108.8,180,1,Rural,Y
LP002938,Male,Yes,0,Graduate,Yes,16120,1715168,0,0,260,27664,360,1,Urban,Y
LP002940,Male,No,0,Not Graduate,No,3833,407831.2,0,0,110,11704,360,1,Rural,Y
LP002941,Male,Yes,2,Not Graduate,Yes,6383,679151.2,1000,106400,187,19896.8,360,1,Rural,N
LP002943,Male,No,,Graduate,No,2987,317816.8,0,0,88,9363.2,360,0,Semiurban,N
LP002945,Male,Yes,0,Graduate,Yes,9963,1060063.2,0,0,180,19152,360,1,Rural,Y
LP002948,Male,Yes,2,Graduate,No,5780,614992,0,0,192,20428.8,360,1,Urban,Y
LP002949,Female,No,3+,Graduate,,416,44262.4,41667,4433368.8,350,37240,180,,Urban,N
LP002950,Male,Yes,0,Not Graduate,,2894,307921.6,2792,297068.8,155,16492,360,1,Rural,Y
LP002953,Male,Yes,3+,Graduate,No,5703,606799.2,0,0,128,13619.2,360,1,Urban,Y
LP002958,Male,No,0,Graduate,No,3676,391126.4,4301,457626.4,172,18300.8,360,1,Rural,Y
LP002959,Female,Yes,1,Graduate,No,12000,1276800,0,0,496,52774.4,360,1,Semiurban,Y
LP002960,Male,Yes,0,Not Graduate,No,2400,255360,3800,404320,,0,180,1,Urban,N
LP002961,Male,Yes,1,Graduate,No,3400,361760,2500,266000,173,18407.2,360,1,Semiurban,Y
LP002964,Male,Yes,2,Not Graduate,No,3987,424216.8,1411,150130.4,157,16704.8,360,1,Rural,Y
LP002974,Male,Yes,0,Graduate,No,3232,343884.8,1950,207480,108,11491.2,360,1,Rural,Y
LP002978,Female,No,0,Graduate,No,2900,308560,0,0,71,7554.4,360,1,Rural,Y
LP002979,Male,Yes,3+,Graduate,No,4106,436878.4,0,0,40,4256,180,1,Rural,Y
LP002983,Male,Yes,1,Graduate,No,8072,858860.8,240,25536,253,26919.2,360,1,Urban,Y
LP002984,Male,Yes,2,Graduate,No,7583,806831.2,0,0,187,19896.8,360,1,Urban,Y
LP002990,Female,No,0,Graduate,Yes,4583,487631.2,0,0,133,14151.2,360,0,Semiurban,N
